id,slug,titulo,resumo,conteudo,categoria,autor,tags,status,destaqueCarousel,data,imagemUrl,visualizacoes,linkExterno
1779829901102,bastidores-do-botafogo-negociacoes-convocacoes-e-o-futuro-da-equipe,"Bastidores do Botafogo: Negociações, convocações e o futuro da equipe","O Canal do TF analisa os bastidores do Botafogo, abordando as negociações envolvendo a Eagle/GDA Luma, o caso do jogador Kadir e a situação de Newton.","<div class=""lead text-muted mb-4"" style=""font-style: italic;"">O Canal do TF traz atualizações sobre as movimentações estratégicas do Botafogo, focando em parcerias, chegadas e saídas de jogadores, além de projeções para o futuro do clube.</div> <h5>Principais Pontos Abordados:</h5> <ul> <li>Análise do impacto da Eagle/GDA Luma no Botafogo.</li> <li>O caso de Kadir Barría e sua não convocação para a Copa do Mundo.</li> <li>A situação atual de Newton e as negociações com o São Paulo.</li> <li>Novas parcerias comerciais do clube, incluindo a 'Altima'.</li> </ul> <h5>Matéria Completa:</h5> <p>O Botafogo vive um momento de transformações em diversas frentes. O Canal do TF destacou as articulações em torno da GDA Luma, que se posiciona como a nova investidora da SAF alvinegra, com John Textor desempenhando um papel fundamental ao trazer a empresa para o clube. Inicialmente, esperava-se que a GDA Luma ingressasse de forma independente, mas os desdobramentos atuais apontam para uma reconfiguração nas negociações.</p> <p>No âmbito do futebol, o cenário de convocações também trouxe surpresas. O jogador Kadir Barría, anteriormente cotado como um dos possíveis nomes para disputar a Copa do Mundo após participações em amistosos, não foi convocado pelo técnico de seu país. A notícia foi recebida com tristeza pelos torcedores, que depositavam expectativas em sua valorização, embora o Botafogo veja potencial de evolução a longo prazo para o atleta.</p> <p>Quanto às movimentações do mercado, o caso de Newton segue em pauta. O São Paulo demonstrou interesse em um empréstimo do jogador no início da temporada, contudo, o Botafogo, sob a gestão técnica de Franklin, não aceita negociar o atleta através desta modalidade, mantendo-se firme na busca por propostas que agreguem valor real à equipe. O clube segue avaliando opções e mantendo o foco na manutenção de um elenco competitivo para o restante do ano.</p><br><br><iframe width=""100%"" height=""400"" src=""https://www.youtube.com/embed/OIDoUzNuG-g"" frameborder=""0"" allow=""accelerometer; autoplay; clipboard-write; encrypted-media; gyroscope; picture-in-picture"" allowfullscreen style=""border-radius: 12px; box-shadow: 0 4px 15px rgba(0,0,0,0.1); margin-bottom: 20px;""></iframe><p class=""text-muted""><small><em>Matéria gerada automaticamente com Inteligência Artificial baseada no conteúdo do Canal do TF.</em></small></p>",Resumo do Canal do TF,Thiago Franklin,Resumo do Canal do TF;YouTube;Botafogo,publicado,false,2026-05-26T21:11:41.104Z,https://i.ytimg.com/vi/OIDoUzNuG-g/maxresdefault.jpg,5,https://www.youtube.com/watch?v=OIDoUzNuG-g
1779829752419,botafogo-em-caracas-foco-total-na-sul-americana-e-gestao-do-elenco-para-a-sequen,Botafogo em Caracas: Foco total na Sul-Americana e gestão do elenco para a sequência da temporada,"O Botafogo desembarcou em Caracas para o confronto decisivo pela Copa Sul-Americana, enquanto trabalha nos bastidores com foco no mercado e na gestão de seus atletas.","<div class=""lead text-muted mb-4"" style=""font-style: italic;"">O Glorioso já está na Venezuela visando o confronto pela Sul-Americana, ao mesmo tempo em que a diretoria avalia o mercado e projeta decisões importantes para o futuro do clube.</div><h5>Principais Pontos Abordados:</h5><ul><li>Presença da equipe em Caracas para partida da Copa Sul-Americana.</li><li>Estratégias para a sequência de treinamentos visando a Copa do Mundo.</li><li>O sentimento da torcida em relação a Danilo Barbosa.</li><li>Busca por investimentos e propostas para a SAF alvinegra.</li><li>Gestão do elenco e foco em reforços que tragam estabilidade.</li></ul><h5>Matéria Completa:</h5><p>O elenco do Botafogo já se encontra em Caracas, na Venezuela, onde realiza as preparações finais para o confronto de amanhã pela Copa Sul-Americana. A equipe, que ocupa a primeira posição no grupo, busca consolidar sua classificação e avançar como líder geral da competição. O técnico Franklin Carvalho aproveita os últimos dias de treinamento para ajustar os detalhes finais, mirando também a preparação do grupo para a reta final de jogos antes da Copa do Mundo.</p><p>Um dos temas em destaque é a situação do jogador Danilo Barbosa. O sentimento predominante entre a torcida é de frustração, dado o desejo de que o atleta seguisse vestindo a camisa alvinegra. No âmbito administrativo, a Botafogo S/A segue avaliando diversas propostas e consultas, buscando investidores que ofereçam segurança e estabilidade ao projeto do clube a curto, médio e longo prazo.</p><p>O foco da diretoria alvinegra neste momento é identificar o caminho de maior estabilidade financeira e esportiva. A gestão busca não apenas reforçar o elenco, mas também garantir que as escolhas realizadas no mercado de transferências estejam alinhadas com as ambições do clube, mantendo um pensamento competitivo para os próximos anos de carreira do grupo.</p><br><br><iframe width=""100%"" height=""400"" src=""https://www.youtube.com/embed/flbr53az3WE"" frameborder=""0"" allow=""accelerometer; autoplay; clipboard-write; encrypted-media; gyroscope; picture-in-picture"" allowfullscreen style=""border-radius: 12px; box-shadow: 0 4px 15px rgba(0,0,0,0.1); margin-bottom: 20px;""></iframe><p class=""text-muted""><small><em>Matéria gerada automaticamente com Inteligência Artificial baseada no conteúdo do Canal do TF.</em></small></p>",Resumo do Canal do TF,Thiago Franklin,Resumo do Canal do TF;YouTube;Botafogo,publicado,false,2026-05-26T21:09:12.419Z,https://i.ytimg.com/vi/flbr53az3WE/maxresdefault.jpg,2,https://www.youtube.com/watch?v=flbr53az3WE
1779829714679,botafogo-enfrenta-o-caracas-fora-de-casa-pela-copa-sul-americana-confira-a-anali,Botafogo enfrenta o Caracas fora de casa pela Copa Sul-Americana; confira a análise,"Em preparação para o duelo contra o Caracas, o Botafogo busca manter a campanha na Sul-Americana, com o foco em rodar o elenco e preservar atletas.","<div class=""lead text-muted mb-4"" style=""font-style: italic;"">O Botafogo viajou para Caracas onde enfrenta a equipe local, nesta quarta-feira, pela fase de grupos da Copa Sul-Americana, com o objetivo de manter a invencibilidade e rodar o elenco titular visando a sequência da temporada.</div><h5>Principais Pontos Abordados:</h5><ul><li>Análise da importância da partida para a classificação na Copa Sul-Americana.</li><li>Contexto das viagens e rodízio de jogadores no elenco alvinegro.</li><li>Escalação projetada para o confronto na quarta-feira.</li><li>Situação jurídica da SAF do Botafogo com o processo de cessar-fogo.</li><li>Parceria da FootFanatics na comercialização das camisas do clube.</li></ul><h5>Matéria Completa:</h5><p>O Botafogo vive um momento crucial em sua trajetória na Copa Sul-Americana. O Glorioso viajou até Caracas, capital venezuelana, onde enfrentará o time da casa nesta quarta-feira. Para o Alvinegro, o objetivo principal é consolidar a boa campanha na fase de grupos da competição continental. Embora o clube busque a vitória, o técnico prioriza um rodízio no elenco, visando dar descanso aos titulares e minutos em campo para atletas que estão com menor rodagem na temporada.</p><p>A logística da equipe envolve uma viagem combinada, com o elenco seguindo posteriormente para a Bahia, antes de um período de recesso de três semanas, o que torna a gestão física dos jogadores fundamental. A provável escalação para o confronto inclui o goleiro Gatito Fernández, com mudanças táticas nas laterais e no sistema defensivo, integrando nomes como Kadu, Iatlo, Justino e Marçal. No meio-campo e ataque, a intenção é dar ritmo de jogo a atletas como Wallace, Chris Ramos, Correa, Jordan Barreira e Kauan Toledo.</p><p>Além da parte esportiva, o Botafogo avança em questões institucionais. O jornalista Diogo Dantas informou que a Eagle/Ares, gestora da SAF alvinegra, protocolou uma série de petições na Justiça do Rio de Janeiro visando suspender os processos de execução em curso contra o clube. Esse movimento está atrelado ao acordo de cessar-fogo firmado entre as partes. Caso a movimentação seja validada, a holding pretende finalizar a venda de uma participação para o fundo de Gabriel Al-ba durante a Copa do Mundo de 2026, utilizando esses recursos para honrar compromissos financeiros, incluindo o pagamento dos atletas.</p><p>No âmbito comercial, foi anunciado que a FootFanatics iniciará a venda das camisas oficiais do Botafogo, modelo Mizuho, a partir de julho. Para os torcedores que desejam adquirir uniformes, as opções da marca Reebook permanecem disponíveis no site com descontos especiais, sendo possível utilizar cupons promocionais para obter condições mais vantajosas.</p><br><br><iframe width=""100%"" height=""400"" src=""https://www.youtube.com/embed/5KIZ3n1G27c"" frameborder=""0"" allow=""accelerometer; autoplay; clipboard-write; encrypted-media; gyroscope; picture-in-picture"" allowfullscreen style=""border-radius: 12px; box-shadow: 0 4px 15px rgba(0,0,0,0.1); margin-bottom: 20px;""></iframe><p class=""text-muted""><small><em>Matéria gerada automaticamente com Inteligência Artificial baseada no conteúdo do Canal do TF.</em></small></p>",Resumo do Canal do TF,Thiago Franklin,Resumo do Canal do TF;YouTube;Botafogo,publicado,false,2026-05-26T21:08:34.679Z,https://i.ytimg.com/vi/5KIZ3n1G27c/maxresdefault.jpg,3,https://www.youtube.com/watch?v=5KIZ3n1G27c
1779829672731,botafogo-avanca-em-negociacoes-e-aguarda-definicao-de-propostas,Botafogo avança em negociações e aguarda definição de propostas,"O Glorioso busca reforços e define o futuro de seu elenco, enquanto negociações importantes avançam para garantir a estabilidade financeira e técnica do clube.","<div class=""lead text-muted mb-4"" style=""font-style: italic;"">O Botafogo de Futebol e Regatas vive um momento decisivo, com avanços importantes em negociações e a análise de propostas que podem ditar o futuro do clube nesta temporada.</div><h5>Principais Pontos Abordados:</h5><ul><li>Situação do goleiro Christian Lor, convocado para a seleção espanhola, e a necessidade de reforços para a posição.</li><li>Detalhes sobre o acordo de cessar-fogo assinado e a entrada de novos investidores.</li><li>Possibilidade de aporte financeiro da GDA Luma para o clube.</li><li>Avaliação da situação de atletas como o goleiro Gatito, que ainda busca ritmo ideal.</li></ul><h5>Matéria Completa:</h5><p>O Botafogo segue em um período fundamental de reestruturação. As recentes notícias sobre a convocação do goleiro Christian Lor para a seleção espanhola trouxeram à tona discussões sobre a necessidade de reforços para o gol alvinegro. Embora talentoso, o jovem atleta ainda não apresenta o nível de prontidão necessário para assumir a titularidade absoluta, o que mantém a diretoria atenta ao mercado.</p><p>Em relação às finanças, o clube celebrou um importante acordo de cessar-fogo, cujos detalhes técnicos e valores começam a vir a público. Este passo é considerado vital para a estabilidade do Botafogo, permitindo uma gestão mais eficiente dos recursos e abrindo caminho para novos investimentos. Além disso, existe a expectativa positiva quanto a um possível aporte financeiro da GDA Luma, que pode ser o diferencial para o planejamento orçamentário do clube.</p><p>A gestão do futebol alvinegro também lida com o desafio de integrar e recuperar jogadores do elenco atual. A análise técnica é constante, focada em equilibrar as peças disponíveis com as necessidades táticas da equipe. O objetivo é garantir que o Glorioso tenha um plantel competitivo para os compromissos que se avizinham, mantendo o foco em uma temporada de ascensão e resultados sólidos.</p><br><br><iframe width=""100%"" height=""400"" src=""https://www.youtube.com/embed/oGdt7f5ZgD0"" frameborder=""0"" allow=""accelerometer; autoplay; clipboard-write; encrypted-media; gyroscope; picture-in-picture"" allowfullscreen style=""border-radius: 12px; box-shadow: 0 4px 15px rgba(0,0,0,0.1); margin-bottom: 20px;""></iframe><p class=""text-muted""><small><em>Matéria gerada automaticamente com Inteligência Artificial baseada no conteúdo do Canal do TF.</em></small></p>",Resumo do Canal do TF,Thiago Franklin,Resumo do Canal do TF;YouTube;Botafogo,publicado,false,2026-05-26T21:07:52.731Z,https://i.ytimg.com/vi/oGdt7f5ZgD0/maxresdefault.jpg,0,https://www.youtube.com/watch?v=oGdt7f5ZgD0
1779829635557,botafogo-enfrenta-final-de-mes-decisivo-em-meio-a-expectativas-de-novos-investim,Botafogo enfrenta final de mês decisivo em meio a expectativas de novos investimentos,"O Botafogo se prepara para uma reta final intensa de maio, lidando com questões societárias, desafios financeiros e o início do trabalho de Franklin Carvalho.","<div class=""lead text-muted mb-4"" style=""font-style: italic;"">Com o Botafogo prestes a enfrentar um período de transição e desafios, as expectativas se voltam para a gestão administrativa e o impacto nas próximas rodadas do Brasileirão.</div><h5>Principais Pontos Abordados:</h5><ul><li>O Botafogo possui apenas dois jogos até a pausa para a Copa do Mundo.</li><li>Discussão sobre as questões societárias do clube e o impacto no planejamento.</li><li>Análise do trabalho do técnico Franklin Carvalho e a importância do elenco.</li><li>Necessidade de reforços e superação das dificuldades financeiras.</li><li>A importância do apoio dos torcedores e a parceria com a Aposente Fácil.</li></ul><h5>Matéria Completa:</h5><p>O Botafogo entra na reta final do mês de maio com um calendário apertado, restando apenas dois jogos antes da parada para a Copa do Mundo. A preocupação do torcedor com o cenário atual do clube, especialmente diante das questões societárias, parece estar dando lugar a uma expectativa de renovação, à medida que novas perspectivas de investimento surgem para o segundo semestre. O momento exige cautela e planejamento, focando em garantir a estabilidade do clube e a competitividade da equipe.</p><p>O técnico Franklin Carvalho tem sido alvo de análises sobre seu início de trabalho à frente da equipe. Apesar das limitações e das incertezas, há um reconhecimento do esforço em ajustar o time e buscar resultados, mesmo com os desafios inerentes ao atual estágio do projeto. O elenco alvinegro tem mostrado resiliência em campo, buscando pontos cruciais e mantendo a esperança viva, apesar da crise administrativa.</p><p>Paralelamente aos desafios em campo, a diretoria segue trabalhando intensamente nos bastidores para viabilizar soluções financeiras. O clube busca novos investidores para fortalecer o caixa e permitir que o departamento de futebol possa qualificar o plantel. A meta é que, após a pausa para a Copa, o Botafogo apresente um cenário administrativo mais sólido, permitindo que a equipe foque exclusivamente no desempenho esportivo e na busca por uma melhor colocação no Campeonato Brasileiro.</p><br><br><iframe width=""100%"" height=""400"" src=""https://www.youtube.com/embed/P3oxt9jPylk"" frameborder=""0"" allow=""accelerometer; autoplay; clipboard-write; encrypted-media; gyroscope; picture-in-picture"" allowfullscreen style=""border-radius: 12px; box-shadow: 0 4px 15px rgba(0,0,0,0.1); margin-bottom: 20px;""></iframe><p class=""text-muted""><small><em>Matéria gerada automaticamente com Inteligência Artificial baseada no conteúdo do Canal do TF.</em></small></p>",Resumo do Canal do TF,Thiago Franklin,Resumo do Canal do TF;YouTube;Botafogo,publicado,false,2026-05-26T21:07:15.557Z,https://i.ytimg.com/vi/P3oxt9jPylk/maxresdefault.jpg,1,https://www.youtube.com/watch?v=P3oxt9jPylk
1779829585780,botafogo-acordo-de-armisticio-marca-nova-fase-na-gestao-da-saf,Botafogo: Acordo de 'armistício' marca nova fase na gestão da SAF,"Em novo giro de notícias, o Canal do TF destaca acordo entre Botafogo e Eagle Holding para pacificação interna e busca por soluções financeiras.","<div class=""lead text-muted mb-4"" style=""font-style: italic;"">O Botafogo atinge um marco importante com a assinatura de um acordo entre a SAF alvinegra e a Eagle Holding, buscando pacificar conflitos internos e pavimentar o caminho para a resolução de questões financeiras.</div><h5>Principais Pontos Abordados:</h5><ul><li>Assinatura de acordo entre Botafogo e Eagle/Ares para pacificação e ajuste administrativo.</li><li>Foco na resolução de questões internas sem recorrer a litígios judiciais prolongados.</li><li>Importância da chegada de Eduardo Freeland como peça central no processo.</li><li>Avaliação de propostas de investimento e linhas de crédito como estratégia financeira.</li></ul><h5>Matéria Completa:</h5><p>O Botafogo vive um momento de reestruturação estratégica. Conforme informações divulgadas pelo Canal do TF, a SAF alvinegra avançou em um acordo com a Eagle Holding, de John Textor, visando a pacificação do ambiente interno. Este entendimento, descrito como uma espécie de ""armistício"", tem como objetivo interromper disputas judiciais e abrir um canal de diálogo para que questões urgentes sejam resolvidas com maior tranquilidade.</p><p>A mediação foi fundamental para este cenário, com destaque para a atuação de Eduardo Freeland, que tem sido um articulador importante na gestão da SAF. A presença de um consenso entre as partes permite que as discussões sobre propostas de investimento e o planejamento para o futuro próximo avancem sem os desgastes de conflitos externos.</p><p>Apesar do avanço, o clube ressalta que o acordo não encerra as pendências financeiras de imediato. No momento, o foco da diretoria está na análise de propostas de aportes, incluindo fundos texanos e redes multiclubes, além da exploração de linhas de crédito que permitam o fluxo de caixa necessário para honrar compromissos com atletas e staff enquanto se busca uma estabilidade a longo prazo.</p><p>O canal reforça que, embora não seja a solução definitiva para todos os problemas, o movimento representa um passo crucial para o profissionalismo da instituição e demonstra um esforço contínuo de adaptação e evolução do projeto da SAF botafoguense.</p><br><br><iframe width=""100%"" height=""400"" src=""https://www.youtube.com/embed/KJWbjKFjEJM"" frameborder=""0"" allow=""accelerometer; autoplay; clipboard-write; encrypted-media; gyroscope; picture-in-picture"" allowfullscreen style=""border-radius: 12px; box-shadow: 0 4px 15px rgba(0,0,0,0.1); margin-bottom: 20px;""></iframe><p class=""text-muted""><small><em>Matéria gerada automaticamente com Inteligência Artificial baseada no conteúdo do Canal do TF.</em></small></p>",Resumo do Canal do TF,Thiago Franklin,Resumo do Canal do TF;YouTube;Botafogo,publicado,false,2026-05-26T21:06:25.782Z,https://i.ytimg.com/vi/KJWbjKFjEJM/maxresdefault.jpg,1,https://www.youtube.com/watch?v=KJWbjKFjEJM
1779763423870,bomba-no-mercado-botafogo-anuncia-a-contratacao-historica-de-gabigol,Bomba no Mercado: Botafogo Anuncia a Contratação Histórica de Gabigol,"Em uma reviravolta impressionante que sacudiu o futebol brasileiro, o Botafogo oficializou na tarde desta terça-feira a contratação do atacante Gabriel Barbosa, o Gabigol. O acordo, selado após semanas de negociações sigilosas, representa um dos maiores movimentos financeiros da história do clube e solidifica as ambições do ""Glorioso"" para a temporada.","<p data-path-to-node=""4""><b data-path-to-node=""4"" data-index-in-node=""0"" class="""">Os Detalhes do Acordo</b></p><p data-path-to-node=""5""><span class="""">Gabigol assinou um contrato válido por quatro temporadas,</span><span class=""""> com um salário que o coloca entre os atletas mais bem pagos do continente.</span><span class=""""> A operação foi viabilizada pelo aporte da SAF liderada por John Textor,</span><span class=""""> que vê no atacante não apenas um reforço técnico incontestável,</span><span class=""""> mas também uma peça-chave para a expansão da marca Botafogo globalmente.</span></p><p data-path-to-node=""6""><span class="""">A torcida alvinegra reagiu com euforia nas redes sociais,</span><span class=""""> e uma grande festa de recepção já está sendo organizada no Aeroporto do Galeão para a chegada do novo camisa 9.</span></p><p data-path-to-node=""7""><b data-path-to-node=""7"" data-index-in-node=""0"" class="""">""Um Novo Desafio"", diz Gabigol</b></p><p data-path-to-node=""8""><span class="""">Em suas primeiras palavras como jogador do Botafogo,</span><span class=""""> Gabigol expressou entusiasmo pelo projeto.</span></p><blockquote data-path-to-node=""9"" class=""""><p data-path-to-node=""9,0"">""Estou muito feliz e motivado por esse novo desafio na minha carreira. O projeto que o Botafogo me apresentou é ambicioso e vitorioso. Enxergo aqui a oportunidade perfeita para continuar fazendo história e conquistando títulos. A torcida pode esperar de mim a mesma entrega, raça e gols de sempre. Mal posso esperar para pisar no Nilton Santos com a camisa alvinegra"", declarou o atacante.</p></blockquote><p data-path-to-node=""10""><b data-path-to-node=""10"" data-index-in-node=""0"" class="""">Impacto Imediato e Expectativas</b></p><p data-path-to-node=""11""><span class="""">A chegada de Gabigol muda o patamar do Botafogo nas competições nacionais e internacionais.</span><span class=""""> O técnico da equipe já estuda alternativas táticas para encaixar o artilheiro no time titular o mais rápido possível.</span></p><p data-path-to-node=""12""><span class="""">Com essa contratação,</span><span class=""""> o Botafogo envia um recado claro aos seus rivais:</span><span class=""""> o clube está de volta para brigar por todas as taças.</span><span class=""""> O Nilton Santos promete ser o caldeirão da ""Febre Gabigol"" nas próximas temporadas.</span><span class=""""> A estreia do craque ainda não tem data confirmada,</span><span class=""""> mas a expectativa é que ocorra nas próximas semanas,</span><span class=""""> após a regularização da documentação e um breve período de readequação física.</span></p>",Arena Alvinegra,Thiago Veras,Arena Alvinegra,publicado,false,2026-05-26T02:43:43.874Z,/uploads/1779763423861-10238047.png,35,
1779739560052,sonho-realizado-do-primeiro-ao-ultimo-ato,"Sonho realizado, do primeiro ao último ato","Gratidão. A primeira palavra escolhida para iniciar esse texto não foi por acaso. Em meio ao cliché ‘turbilhão de emoções’ que sinto nesse momento, agradecer é o que mais grita dentro do peito.
","<p class=""p1"" style=""box-sizing: inherit; margin: 0px 0px 26px; padding: 0px; border: 0px; font-variant-numeric: inherit; font-variant-east-asian: inherit; font-variant-alternates: inherit; font-variant-position: inherit; font-variant-emoji: inherit; font-stretch: inherit; font-size: 21px; line-height: inherit; font-family: sans-serif; font-optical-sizing: inherit; font-size-adjust: inherit; font-kerning: inherit; font-feature-settings: inherit; font-variation-settings: inherit; font-language-override: inherit; vertical-align: baseline; color: rgb(26, 26, 23);""><span class=""s1"" style=""box-sizing: inherit; margin: 0px; padding: 0px; border: 0px; font: inherit; vertical-align: baseline;"">Gratidão. A primeira palavra escolhida para iniciar esse texto não foi por acaso. Em meio ao cliché ‘turbilhão de emoções’ que sinto nesse momento, agradecer é o que mais grita dentro do peito.</span><span class=""s1"" style=""font: inherit; box-sizing: inherit; margin: 0px; padding: 0px; border: 0px; vertical-align: baseline;"">Primeiro ao <span style=""box-sizing: inherit; margin: 0px; padding: 0px; border: 0px; font-style: inherit; font-variant: inherit; font-weight: 700; font-stretch: inherit; font-size: inherit; line-height: inherit; font-family: inherit; font-optical-sizing: inherit; font-size-adjust: inherit; font-kerning: inherit; font-feature-settings: inherit; font-variation-settings: inherit; font-language-override: inherit; vertical-align: baseline;""><span style=""box-sizing: inherit; margin: 0px; padding: 0px; border: 0px; font-style: inherit; font-variant: inherit; font-stretch: inherit; font-size: inherit; line-height: inherit; font-family: inherit; font-optical-sizing: inherit; font-size-adjust: inherit; font-kerning: inherit; font-feature-settings: inherit; font-variation-settings: inherit; font-language-override: inherit; vertical-align: baseline;""><span style=""box-sizing: inherit; margin: 0px; padding: 0px; border: 0px; font-style: inherit; font-variant: inherit; font-stretch: inherit; font-size: inherit; line-height: inherit; font-family: inherit; font-optical-sizing: inherit; font-size-adjust: inherit; font-kerning: inherit; font-feature-settings: inherit; font-variation-settings: inherit; font-language-override: inherit; vertical-align: baseline;"">FogãoNET</span></span></span>, aos caras que apostaram em mim e transformaram minha vida. Muito se brinca sobre o projeto de <span style=""box-sizing: inherit; margin: 0px; padding: 0px; border: 0px; font-style: inherit; font-variant: inherit; font-weight: 700; font-stretch: inherit; font-size: inherit; line-height: inherit; font-family: inherit; font-optical-sizing: inherit; font-size-adjust: inherit; font-kerning: inherit; font-feature-settings: inherit; font-variation-settings: inherit; font-language-override: inherit; vertical-align: baseline;"">John</span> <span style=""box-sizing: inherit; margin: 0px; padding: 0px; border: 0px; font-style: inherit; font-variant: inherit; font-weight: 700; font-stretch: inherit; font-size: inherit; line-height: inherit; font-family: inherit; font-optical-sizing: inherit; font-size-adjust: inherit; font-kerning: inherit; font-feature-settings: inherit; font-variation-settings: inherit; font-language-override: inherit; vertical-align: baseline;"">Textor</span> em realizar sonhos, mas mal sabem que faziam a mesma coisa por mim há<span class=""Apple-converted-space"" style=""box-sizing: inherit; margin: 0px; padding: 0px; border: 0px; font: inherit; vertical-align: baseline;""> </span>alguns anos.</span><span style=""font-family: inherit; font-size: inherit; font-weight: inherit; font-style: inherit; font-variant-ligatures: inherit; font-variant-caps: inherit;"">E foi exatamente um sonho. Do primeiro ao ultimo ato. Da chefia, com orientações e palavras de incentivo, mas sem nunca deixarem a fraternidade e humanidade de lado. Vocês são fodas! Seguiremos juntos e acompanhando tudo, só que do outro lado das telinhas.</span><span style=""font-family: inherit; font-size: inherit; font-style: inherit; font-variant-ligatures: inherit; font-variant-caps: inherit; font-weight: inherit;"">Mas eu jamais poderia deixar de citar a outra ponta de tudo isso — e não menos importante. GERALDO, GERAL DO CHAT.</span><span style=""font-family: inherit; font-size: inherit; font-style: inherit; font-variant-ligatures: inherit; font-variant-caps: inherit; font-weight: inherit;"">A comunidade que construímos é maravilhosa, perfeita. Perfeita e maluca do jeito que ela é. E aqui, sem qualquer falsa bajulação. Se foi tão legal, e foi, devo praticamente tudo a vocês, a alma de tudo isso.</span><span class=""s1"" style=""font: inherit; box-sizing: inherit; margin: 0px; padding: 0px; border: 0px; vertical-align: baseline;"">Ciclos se encerram, outros começam. Obrigado por tudo. Mas vamos por mais? Me encontrei no que quero fazer da vida e só faz sentido com vocês do meu lado. Partiu? </span><span style=""font-family: inherit; font-size: revert; font-weight: inherit; box-sizing: inherit; margin: 0px; padding: 0px; border: 0px; font-style: inherit; font-variant: inherit; font-stretch: inherit; line-height: inherit; font-optical-sizing: inherit; font-size-adjust: inherit; font-kerning: inherit; font-feature-settings: inherit; font-variation-settings: inherit; font-language-override: inherit; vertical-align: baseline;"">E façam como eu farei, sigam acompanhando o <span style=""box-sizing: inherit; margin: 0px; padding: 0px; border: 0px; font-style: inherit; font-variant: inherit; font-weight: 700; font-stretch: inherit; font-size: inherit; line-height: inherit; font-family: inherit; font-optical-sizing: inherit; font-size-adjust: inherit; font-kerning: inherit; font-feature-settings: inherit; font-variation-settings: inherit; font-language-override: inherit; vertical-align: baseline;"">FogãoNET</span>.</span></p><p class=""p1"" style=""box-sizing: inherit; margin: 0px 0px 26px; padding: 0px; border: 0px; font-variant-numeric: inherit; font-variant-east-asian: inherit; font-variant-alternates: inherit; font-variant-position: inherit; font-variant-emoji: inherit; font-stretch: inherit; font-size: 21px; line-height: inherit; font-family: sans-serif; font-optical-sizing: inherit; font-size-adjust: inherit; font-kerning: inherit; font-feature-settings: inherit; font-variation-settings: inherit; font-language-override: inherit; vertical-align: baseline; color: rgb(26, 26, 23);""><span style=""box-sizing: inherit; margin: 0px; padding: 0px; border: 0px; font-style: inherit; font-variant: inherit; font-weight: inherit; font-stretch: inherit; font-size: revert; line-height: inherit; font-family: inherit; font-optical-sizing: inherit; font-size-adjust: inherit; font-kerning: inherit; font-feature-settings: inherit; font-variation-settings: inherit; font-language-override: inherit; vertical-align: baseline;""><br></span></p><p class=""p1"" style=""box-sizing: inherit; margin: 0px 0px 26px; padding: 0px; border: 0px; font-variant-numeric: inherit; font-variant-east-asian: inherit; font-variant-alternates: inherit; font-variant-position: inherit; font-variant-emoji: inherit; font-stretch: inherit; font-size: 21px; line-height: inherit; font-family: sans-serif; font-optical-sizing: inherit; font-size-adjust: inherit; font-kerning: inherit; font-feature-settings: inherit; font-variation-settings: inherit; font-language-override: inherit; vertical-align: baseline; color: rgb(26, 26, 23);""><br></p>",Arena Alvinegra,Bernardo Gentile,Arena Alvinegra,publicado,false,2026-05-25T20:06:00.055Z,/uploads/1779739560048-783768998.webp,33,
1779673290115,botafogo-surpreende-e-anuncia-contratacao-bombastica-de-lelesk-putifero-para-o-r,Botafogo surpreende e anuncia contratação bombástica de Lelesk Putifero para o restante da temporada,"RIO DE JANEIRO – Em uma movimentação que pegou torcedores e a imprensa esportiva de surpresa, o Botafogo de Futebol e Regatas oficializou, na manhã deste domingo (24), a contratação do atacante Lelesk Putifero. O jogador, conhecido por seu estilo irreverente e passagens marcantes por clubes de diversas divisões, chega ao Estrela Solitária para reforçar o setor ofensivo sob o comando da comissão técnica alvinegra.","<p data-path-to-node=""2"">A negociação, que foi mantida sob sigilo absoluto até as últimas horas, foi concretizada após uma reunião definitiva na sede de General Severiano. Lelesk assinou contrato com o Glorioso até o final de 2027.</p><h3 data-path-to-node=""4"">O Reforço</h3><p data-path-to-node=""5"">Lelesk Putifero, que se autodefine como um ""jogador de área e de entretenimento"", chega ao Rio de Janeiro com a promessa de trazer mais ofensividade e carisma ao elenco botafoguense.</p><ul data-path-to-node=""6""><li><p data-path-to-node=""6,0,0""><b data-path-to-node=""6,0,0"" data-index-in-node=""0"">Idade:</b> 26 anos</p></li><li><p data-path-to-node=""6,1,0""><b data-path-to-node=""6,1,0"" data-index-in-node=""0"">Posição:</b> Centroavante</p></li><li><p data-path-to-node=""6,2,0""><b data-path-to-node=""6,2,0"" data-index-in-node=""0"">Características:</b> Finalização precisa, bom posicionamento e, segundo o próprio atleta, ""uma energia que muda o ambiente do vestiário"".</p></li></ul><h3 data-path-to-node=""8"">Declaração da Diretoria</h3><p data-path-to-node=""9"">Em nota oficial, a diretoria do Botafogo destacou a oportunidade de mercado e a versatilidade que o atleta agrega ao grupo:</p><blockquote data-path-to-node=""10""><p data-path-to-node=""10,0"">""A chegada de Lelesk Putifero faz parte do nosso planejamento estratégico de buscar peças que tragam não apenas qualidade técnica, mas também uma mentalidade vencedora e uma conexão direta com a torcida. Estamos muito confiantes de que ele será uma peça fundamental na busca pelos nossos objetivos na temporada.""</p></blockquote><h3 data-path-to-node=""12"">Expectativa da Torcida</h3><p data-path-to-node=""13"">A notícia rapidamente tomou conta das redes sociais. A torcida alvinegra, dividida entre a surpresa pelo nome inusitado e a curiosidade sobre o desempenho do atleta, já transformou o nome do jogador em um dos assuntos mais comentados do dia.</p><p data-path-to-node=""14"">A previsão é que Lelesk Putifero realize seus primeiros exames médicos na segunda-feira (25) e, caso aprovado, seja apresentado oficialmente à imprensa e aos torcedores no Estádio Nilton Santos ainda nesta semana.</p><p data-path-to-node=""16""><i data-path-to-node=""16"" data-index-in-node=""0"">Como você acredita que a torcida do Botafogo vai reagir ao estilo de jogo único de Lelesk Putifero nos primeiros minutos em campo?</i></p>",Arena Alvinegra,Gabiru,Arena Alvinegra,publicado,true,2026-05-25T01:41:30.119Z,/uploads/1779673290104-620963214.png,21,
1779479911513,negociado-com-palmeiras-alexander-barboza-publica-video-de-despedida-do-botafogo,"Negociado com Palmeiras, Alexander Barboza publica vídeo de despedida do Botafogo: ‘Não duvidem que vou sentir saudades de vocês’","Campeão brasileiro e da Libertadores em 2024, Alexander Barboza publicou nesta sexta-feira (22/5) um bonito vídeo de despedida do Botafogo. O zagueiro foi negociado com o Palmeiras por R$ 18 milhões e não atua mais pelo Alvinegro.

","<p style=""margin: 0px 0px 26px; padding: 0px; border: 0px; font-variant-numeric: inherit; font-variant-east-asian: inherit; font-variant-alternates: inherit; font-variant-position: inherit; font-variant-emoji: inherit; font-stretch: inherit; font-size: 21px; line-height: inherit; font-family: sans-serif; font-optical-sizing: inherit; font-size-adjust: inherit; font-kerning: inherit; font-feature-settings: inherit; font-variation-settings: inherit; font-language-override: inherit; vertical-align: baseline; box-sizing: inherit; color: rgb(26, 26, 23);"">Campeão brasileiro e da Libertadores em 2024, <span style=""margin: 0px; padding: 0px; border: 0px; font-style: inherit; font-variant: inherit; font-weight: 700; font-stretch: inherit; font-size: inherit; line-height: inherit; font-family: inherit; font-optical-sizing: inherit; font-size-adjust: inherit; font-kerning: inherit; font-feature-settings: inherit; font-variation-settings: inherit; font-language-override: inherit; vertical-align: baseline; box-sizing: inherit;""><a href=""https://www.fogaonet.com/tag/alexander-barboza/"" style=""margin: 0px; padding: 0px; border: 0px; font-style: inherit; font-variant: inherit; font-stretch: inherit; font-size: inherit; line-height: inherit; font-family: inherit; font-optical-sizing: inherit; font-size-adjust: inherit; font-kerning: inherit; font-feature-settings: inherit; font-variation-settings: inherit; font-language-override: inherit; vertical-align: baseline; box-sizing: inherit; color: rgb(182, 123, 5); text-decoration: none; word-break: break-word;"">Alexander Barboza</a></span> publicou nesta sexta-feira (22/5) um bonito vídeo de despedida do <a href=""https://www.fogaonet.com/tag/botafogo/"" target=""_blank"" rel=""noopener"" style=""margin: 0px; padding: 0px; border: 0px; font-style: inherit; font-variant: inherit; font-weight: 700; font-stretch: inherit; font-size: inherit; line-height: inherit; font-family: inherit; font-optical-sizing: inherit; font-size-adjust: inherit; font-kerning: inherit; font-feature-settings: inherit; font-variation-settings: inherit; font-language-override: inherit; vertical-align: baseline; box-sizing: inherit; color: rgb(182, 123, 5); text-decoration: none; word-break: break-word;"">Botafogo</a>. <a href=""https://www.fogaonet.com/noticias-do-botafogo/palmeiras-anuncia-contratacao-alexander-barboza-botafogo/"" style=""margin: 0px; padding: 0px; border: 0px; font-style: inherit; font-variant: inherit; font-weight: 700; font-stretch: inherit; font-size: inherit; line-height: inherit; font-family: inherit; font-optical-sizing: inherit; font-size-adjust: inherit; font-kerning: inherit; font-feature-settings: inherit; font-variation-settings: inherit; font-language-override: inherit; vertical-align: baseline; box-sizing: inherit; color: rgb(182, 123, 5); text-decoration: none; word-break: break-word;"">O zagueiro foi negociado com o <span style=""margin: 0px; padding: 0px; border: 0px; font-style: inherit; font-variant: inherit; font-stretch: inherit; font-size: inherit; line-height: inherit; font-family: inherit; font-optical-sizing: inherit; font-size-adjust: inherit; font-kerning: inherit; font-feature-settings: inherit; font-variation-settings: inherit; font-language-override: inherit; vertical-align: baseline; box-sizing: inherit;"">Palmeiras</span> por R$ 18 milhões e não atua mais pelo Alvinegro</a>.</p><p style=""margin: 0px 0px 26px; padding: 0px; border: 0px; font-variant-numeric: inherit; font-variant-east-asian: inherit; font-variant-alternates: inherit; font-variant-position: inherit; font-variant-emoji: inherit; font-stretch: inherit; font-size: 21px; line-height: inherit; font-family: sans-serif; font-optical-sizing: inherit; font-size-adjust: inherit; font-kerning: inherit; font-feature-settings: inherit; font-variation-settings: inherit; font-language-override: inherit; vertical-align: baseline; box-sizing: inherit; color: rgb(26, 26, 23);"">“<span style=""margin: 0px; padding: 0px; border: 0px; font-style: inherit; font-variant: inherit; font-weight: 700; font-stretch: inherit; font-size: inherit; line-height: inherit; font-family: inherit; font-optical-sizing: inherit; font-size-adjust: inherit; font-kerning: inherit; font-feature-settings: inherit; font-variation-settings: inherit; font-language-override: inherit; vertical-align: baseline; box-sizing: inherit;"">Hoje encerro meu ciclo no clube, apenas palavras de agradecimento a todos que participaram da minha passagem por aqui. OBRiGADO, BOTAFOGO!</span>“, escreveu Barboza, que fez seu último jogo na <a href=""https://www.fogaonet.com/noticias-do-botafogo/independiente-petrolero-botafogo-copa-sul-americana-2026/"" style=""margin: 0px; padding: 0px; border: 0px; font-style: inherit; font-variant: inherit; font-weight: 700; font-stretch: inherit; font-size: inherit; line-height: inherit; font-family: inherit; font-optical-sizing: inherit; font-size-adjust: inherit; font-kerning: inherit; font-feature-settings: inherit; font-variation-settings: inherit; font-language-override: inherit; vertical-align: baseline; box-sizing: inherit; color: rgb(182, 123, 5); text-decoration: none; word-break: break-word;"">vitória sobre o Independiente Petrolero, quarta-feira, no Paraguai, pela Copa Sul-Americana</a>.</p><div id=""trvdp-container-vydpnsh7"" class=""trvdp-autoplay trvdp-container-wid-11184"" style=""margin: 26px auto; padding: 0px; border: 0px; font-variant-numeric: inherit; font-variant-east-asian: inherit; font-variant-alternates: inherit; font-variant-position: inherit; font-variant-emoji: inherit; font-stretch: inherit; font-size: 21px; line-height: inherit; font-family: sans-serif; font-optical-sizing: inherit; font-size-adjust: inherit; font-kerning: inherit; font-feature-settings: inherit; font-variation-settings: inherit; font-language-override: inherit; vertical-align: baseline; box-sizing: inherit; color: rgb(26, 26, 23); aspect-ratio: 16 / 9; max-width: 600px; width: 600px;""></div><div class=""fnad-box"" style=""margin: 0px 0px 26px; padding: 0px; border: 0px; font-variant-numeric: inherit; font-variant-east-asian: inherit; font-variant-alternates: inherit; font-variant-position: inherit; font-variant-emoji: inherit; font-stretch: inherit; font-size: 21px; line-height: inherit; font-family: sans-serif; font-optical-sizing: inherit; font-size-adjust: inherit; font-kerning: inherit; font-feature-settings: inherit; font-variation-settings: inherit; font-language-override: inherit; vertical-align: baseline; box-sizing: inherit; display: flex; justify-content: center; color: rgb(26, 26, 23);""></div><p style=""margin: 0px 0px 26px; padding: 0px; border: 0px; font-variant-numeric: inherit; font-variant-east-asian: inherit; font-variant-alternates: inherit; font-variant-position: inherit; font-variant-emoji: inherit; font-stretch: inherit; font-size: 21px; line-height: inherit; font-family: sans-serif; font-optical-sizing: inherit; font-size-adjust: inherit; font-kerning: inherit; font-feature-settings: inherit; font-variation-settings: inherit; font-language-override: inherit; vertical-align: baseline; box-sizing: inherit; color: rgb(26, 26, 23);"">No vídeo, Barboza passa a limpo sua trajetória, deixa palavras de gratidão a torcedores, jogadores e funcionários do clube e encerra com um funk, que virou sua marca registrada nas postagens pós-jogos.</p><h2 class=""wp-block-heading"" style=""margin: 0px 0px 13px; padding: 0px; border: 0px; font-variant-numeric: inherit; font-variant-east-asian: inherit; font-variant-alternates: inherit; font-variant-position: inherit; font-variant-emoji: inherit; font-weight: 700; font-stretch: inherit; font-size: 34px; line-height: inherit; font-family: sans-serif; font-optical-sizing: inherit; font-size-adjust: inherit; font-kerning: inherit; font-feature-settings: inherit; font-variation-settings: inherit; font-language-override: inherit; vertical-align: baseline; box-sizing: inherit; letter-spacing: -1px; color: rgb(26, 26, 23);"">Leia a narração de Barboza em seu vídeo de despedida do Botafogo:</h2><p style=""margin: 0px 0px 26px; padding: 0px; border: 0px; font-variant-numeric: inherit; font-variant-east-asian: inherit; font-variant-alternates: inherit; font-variant-position: inherit; font-variant-emoji: inherit; font-stretch: inherit; font-size: 21px; line-height: inherit; font-family: sans-serif; font-optical-sizing: inherit; font-size-adjust: inherit; font-kerning: inherit; font-feature-settings: inherit; font-variation-settings: inherit; font-language-override: inherit; vertical-align: baseline; box-sizing: inherit; color: rgb(26, 26, 23);""><em style=""margin: 0px; padding: 0px; border: 0px; font-variant: inherit; font-weight: inherit; font-stretch: inherit; font-size: inherit; line-height: inherit; font-family: inherit; font-optical-sizing: inherit; font-size-adjust: inherit; font-kerning: inherit; font-feature-settings: inherit; font-variation-settings: inherit; font-language-override: inherit; vertical-align: baseline; box-sizing: inherit;"">“Cheguei ao clube em janeiro de 2024. Hoje, quase dois anos e meio depois, tenho que me despedir desta grande instituição. Cheguei como um estranho e aos poucos fui demonstrando o que sou, dando sangue e vida, com garra, luta, entrega, compromisso e dedicação. Passei bons momentos e outros não tão bons, mas sempre olhando para frente e trabalhando para que cada dia seja melhor do que o anterior.</em></p><p style=""margin: 0px 0px 26px; padding: 0px; border: 0px; font-variant-numeric: inherit; font-variant-east-asian: inherit; font-variant-alternates: inherit; font-variant-position: inherit; font-variant-emoji: inherit; font-stretch: inherit; font-size: 21px; line-height: inherit; font-family: sans-serif; font-optical-sizing: inherit; font-size-adjust: inherit; font-kerning: inherit; font-feature-settings: inherit; font-variation-settings: inherit; font-language-override: inherit; vertical-align: baseline; box-sizing: inherit; color: rgb(26, 26, 23);""><em style=""margin: 0px; padding: 0px; border: 0px; font-variant: inherit; font-weight: inherit; font-stretch: inherit; font-size: inherit; line-height: inherit; font-family: inherit; font-optical-sizing: inherit; font-size-adjust: inherit; font-kerning: inherit; font-feature-settings: inherit; font-variation-settings: inherit; font-language-override: inherit; vertical-align: baseline; box-sizing: inherit;"">Muitos zombaram quando conseguimos a Taça Rio e eu escrevi que era a primeira de muitas, sem saber que esse mesmo ano se transformaria no ano mais glorioso da história do clube. Conseguimos nada mais, nada menos, do que um Brasileiro, depois de 29 anos, e a primeira Libertadores na história do clube.</em></p><div class=""fnad-box"" style=""margin: 0px 0px 26px; padding: 0px; border: 0px; font-variant-numeric: inherit; font-variant-east-asian: inherit; font-variant-alternates: inherit; font-variant-position: inherit; font-variant-emoji: inherit; font-stretch: inherit; font-size: 21px; line-height: inherit; font-family: sans-serif; font-optical-sizing: inherit; font-size-adjust: inherit; font-kerning: inherit; font-feature-settings: inherit; font-variation-settings: inherit; font-language-override: inherit; vertical-align: baseline; box-sizing: inherit; display: flex; justify-content: center; color: rgb(26, 26, 23);""></div><p style=""margin: 0px 0px 26px; padding: 0px; border: 0px; font-variant-numeric: inherit; font-variant-east-asian: inherit; font-variant-alternates: inherit; font-variant-position: inherit; font-variant-emoji: inherit; font-stretch: inherit; font-size: 21px; line-height: inherit; font-family: sans-serif; font-optical-sizing: inherit; font-size-adjust: inherit; font-kerning: inherit; font-feature-settings: inherit; font-variation-settings: inherit; font-language-override: inherit; vertical-align: baseline; box-sizing: inherit; color: rgb(26, 26, 23);""><em style=""margin: 0px; padding: 0px; border: 0px; font-variant: inherit; font-weight: inherit; font-stretch: inherit; font-size: inherit; line-height: inherit; font-family: inherit; font-optical-sizing: inherit; font-size-adjust: inherit; font-kerning: inherit; font-feature-settings: inherit; font-variation-settings: inherit; font-language-override: inherit; vertical-align: baseline; box-sizing: inherit;"">Só tenho palavras de agradecimento para cada pessoa no clube. Aqueles que estão e aqueles que, por diferentes razões, já não estão. Jogadores, equipes técnicas e todos os funcionários. Realmente, uma família.</em></p><p style=""margin: 0px 0px 26px; padding: 0px; border: 0px; font-variant-numeric: inherit; font-variant-east-asian: inherit; font-variant-alternates: inherit; font-variant-position: inherit; font-variant-emoji: inherit; font-stretch: inherit; font-size: 21px; line-height: inherit; font-family: sans-serif; font-optical-sizing: inherit; font-size-adjust: inherit; font-kerning: inherit; font-feature-settings: inherit; font-variation-settings: inherit; font-language-override: inherit; vertical-align: baseline; box-sizing: inherit; color: rgb(26, 26, 23);""><em style=""margin: 0px; padding: 0px; border: 0px; font-variant: inherit; font-weight: inherit; font-stretch: inherit; font-size: inherit; line-height: inherit; font-family: inherit; font-optical-sizing: inherit; font-size-adjust: inherit; font-kerning: inherit; font-feature-settings: inherit; font-variation-settings: inherit; font-language-override: inherit; vertical-align: baseline; box-sizing: inherit;"">Por fim, quero agradecer ao torcedor por cada momento vivido, por cada vez que cantaram o meu nome na arquibancada, por cada presente que me deram e por todo o carinho que deram à minha família e a mim durante esse tempo. Sempre tentei representá-los dentro do campo e acho que consegui.</em></p><p style=""margin: 0px 0px 26px; padding: 0px; border: 0px; font-variant-numeric: inherit; font-variant-east-asian: inherit; font-variant-alternates: inherit; font-variant-position: inherit; font-variant-emoji: inherit; font-stretch: inherit; font-size: 21px; line-height: inherit; font-family: sans-serif; font-optical-sizing: inherit; font-size-adjust: inherit; font-kerning: inherit; font-feature-settings: inherit; font-variation-settings: inherit; font-language-override: inherit; vertical-align: baseline; box-sizing: inherit; color: rgb(26, 26, 23);""><em style=""margin: 0px; padding: 0px; border: 0px; font-variant: inherit; font-weight: inherit; font-stretch: inherit; font-size: inherit; line-height: inherit; font-family: inherit; font-optical-sizing: inherit; font-size-adjust: inherit; font-kerning: inherit; font-feature-settings: inherit; font-variation-settings: inherit; font-language-override: inherit; vertical-align: baseline; box-sizing: inherit;"">Digo isso com lágrimas nos olhos, mas com um coração cheio de gratidão e com a tranquilidade de que dei tudo de mim para deixar o clube no mais alto possível. Juro que me entreguei ao máximo e, se em algum momento eu errei, sempre foi tentando acertar. Não duvidem que vou sentir saudades de vocês e acho que a melhor maneira de me despedir é com um bom Funk. Aqueles que vocês gostam. Obrigado, Botafogo!”</em></p><div><em style=""margin: 0px; padding: 0px; border: 0px; font-variant: inherit; font-weight: inherit; font-stretch: inherit; font-size: inherit; line-height: inherit; font-family: inherit; font-optical-sizing: inherit; font-size-adjust: inherit; font-kerning: inherit; font-feature-settings: inherit; font-variation-settings: inherit; font-language-override: inherit; vertical-align: baseline; box-sizing: inherit;""><br></em></div><div class=""fnad-box"" style=""margin: 0px 0px 26px; padding: 0px; border: 0px; font-variant-numeric: inherit; font-variant-east-asian: inherit; font-variant-alternates: inherit; font-variant-position: inherit; font-variant-emoji: inherit; font-stretch: inherit; font-size: 21px; line-height: inherit; font-family: sans-serif; font-optical-sizing: inherit; font-size-adjust: inherit; font-kerning: inherit; font-feature-settings: inherit; font-variation-settings: inherit; font-language-override: inherit; vertical-align: baseline; box-sizing: inherit; display: flex; justify-content: center; color: rgb(26, 26, 23);""></div>",Geral,Redacao,,publicado,false,2026-05-22T19:58:31.516Z,/uploads/1779479911509-583580259.webp,5,
1779369210485,botafogo-vence-independente-petroleiro-no-paraguai-com-facilidade,Botafogo vence Independente Petroleiro no Paraguai com facilidade,"Com enorme domínio e muitas chances desperdiçadas, o Botafogo venceu o Independiente Petrolero por 3 a 0 nesta quarta-feira (20/5), no Paraguai, e ficou muito perto de garantir a vaga direta nas oitavas de final da Copa Sul-Americana. Cristian Medina, Jordan Barrera e Jhohan Gutiérrez (contra) fizeram os gols da partida.
","Com enorme domínio e muitas chances desperdiçadas, o Botafogo venceu o Independiente Petrolero por 3 a 0 nesta quarta-feira (20/5), no Paraguai, e ficou muito perto de garantir a vaga direta nas oitavas de final da Copa Sul-Americana. Cristian Medina, Jordan Barrera e Jhohan Gutiérrez (contra) fizeram os gols da partida.

O Glorioso segue na liderança do Grupo E, com 13 pontos, e pode carimbar a vaga nesta quinta, caso o Caracas (8 pontos) não vença o Racing (4) na Argentina. Se o time venezuelano vencer, o Botafogo só precisará de um empate com o próprio Caracas, fora de casa, na próxima quarta-feira, na Venezuela, na última rodada.",Botafogo,Redacao,,publicado,true,2026-05-21T13:13:30.485Z,/uploads/1779369210480-3748223.webp,50,
1001,portal-estreia-com-painel-administrativo-integrado,Portal estreia com painel administrativo integrado,"A primeira versao consolida noticias, imagens, carrossel e gestao de conteudo em JSON.","O portal foi estruturado para funcionar sem banco de dados tradicional. As noticias sao salvas em arquivos JSON, enquanto o painel administrativo permite cadastrar, editar, destacar no carrossel e excluir publicacoes. Essa abordagem facilita o estudo do projeto e reduz a complexidade inicial da infraestrutura.",Botafogo,Redacao,,publicado,true,2026-05-21T08:00:00.000Z,/uploads/1779370385586-73548137.webp,48,
1002,bootstrap-deixa-a-experiencia-mais-limpa-e-responsiva,Bootstrap deixa a experiencia mais limpa e responsiva,Componentes modernos ajudam o portal a funcionar bem em telas grandes e celulares.,"A interface usa Bootstrap para organizar o grid, formularios, navegacao, botoes e componentes responsivos. O resultado e uma base visual consistente, com foco em leitura, hierarquia e manutencao simples.",Botafogo,Redacao,,publicado,true,2026-05-20T15:30:00.000Z,/uploads/1779370415539-726043624.webp,31,
1003,widgets-aumentam-a-permanencia-do-leitor,Widgets aumentam a permanencia do leitor,"Mais lidas, enquete, proximos jogos e plantao completam a lateral do portal.",A home combina a lista principal de noticias com widgets laterais pensados para consulta rapida. Eles trazem movimento editorial e ajudam o leitor a descobrir novos conteudos sem abandonar a pagina inicial.,Botafogo,Redacao,,publicado,false,2026-05-19T18:45:00.000Z,,38,
1004,login-protege-a-area-de-publicacao,Login protege a area de publicacao,O painel administrativo exige sessao ativa antes de liberar criacao e edicao.,"O servidor utiliza sessoes do Express para proteger a pagina administrativa e as rotas que alteram dados. Visitantes podem ler as noticias normalmente, mas apenas usuarios autenticados conseguem modificar o conteudo.",Botafogo,Redacao,,publicado,false,2026-05-18T11:20:00.000Z,,16,